{"cameraMode":{"drawMode":0,"name":"Shaded","section":"Shading Mode"},"sceneLighting":true,"audioPlay":false,"sceneViewState":{"m_AlwaysRefresh":false,"showFog":true,"showSkybox":false,"showFlares":true,"showImageEffects":true,"showParticleSystems":true,"showVisualEffectGraphs":true,"m_FxEnabled":true},"in2DMode":false,"pivot":{"x":0.12364339828491211,"y":1.0181046724319459,"z":1.5123482942581177},"rotation":{"x":-0.1938144862651825,"y":0.11828940361738205,"z":-0.023553689941763879,"w":-0.9736033082008362},"size":1.5900335311889649,"orthographic":false}