{"cameraMode":{"drawMode":0,"name":"Shaded","section":"Shading Mode"},"sceneLighting":true,"audioPlay":false,"sceneViewState":{"m_AlwaysRefresh":false,"showFog":true,"showSkybox":false,"showFlares":true,"showImageEffects":true,"showParticleSystems":true,"showVisualEffectGraphs":true,"m_FxEnabled":true},"in2DMode":false,"pivot":{"x":264.51922607421877,"y":260.49212646484377,"z":262.58349609375},"rotation":{"x":-0.05247136577963829,"y":-0.015573522076010704,"z":0.0008156715193763375,"w":-0.9985101819038391},"size":462.7822570800781,"orthographic":false}