{"cameraMode":{"drawMode":0,"name":"Shaded","section":"Shading Mode"},"sceneLighting":true,"audioPlay":false,"sceneViewState":{"m_AlwaysRefresh":false,"showFog":true,"showSkybox":false,"showFlares":true,"showImageEffects":true,"showParticleSystems":true,"showVisualEffectGraphs":true,"m_FxEnabled":true},"in2DMode":false,"pivot":{"x":-34.311073303222659,"y":-61.17467498779297,"z":236.40887451171876},"rotation":{"x":0.2495257407426834,"y":-0.14173470437526704,"z":0.036946408450603488,"w":0.9572269916534424},"size":84.24270629882813,"orthographic":false}